Age,Gender,OwnHome,Married,Location,Salary,Children,History,Catalogs,Cust_Id,Is_Good
Old,Female,Own,Single,Far,47500,0,High,6,247,0
Middle,Male,Rent,Single,Close,63600,0,High,6,127,1
Young,Female,Rent,Single,Close,13500,0,Low,18,479,0
Middle,Male,Own,Married,Close,85600,1,High,18,475,1
Middle,Female,Own,Single,Close,68400,0,High,12,151,1
Young,Male,Own,Married,Close,30400,0,Low,6,320,0
Middle,Female,Rent,Single,Close,48100,0,Medium,12,804,0
Middle,Male,Own,Single,Close,68400,0,High,18,790,0
Middle,Female,Own,Married,Close,51900,3,Low,6,43,0
Old,Male,Own,Married,Far,80700,0,,18,475,1
Young,Male,Rent,Married,Close,43700,1,,12,157,0
Middle,Male,Own,Married,Far,111800,3,High,18,1239,1
Middle,Female,Own,Married,Close,44100,1,Medium,24,562,0
Middle,Male,Own,Married,Close,111400,0,High,12,1259,1
Old,Female,Own,Married,Far,110000,0,High,24,477,1
Middle,Female,Own,Married,Far,83100,1,,12,808,1
Old,Female,Own,Married,Close,82800,0,High,24,160,1
Middle,Male,Own,Married,Close,90100,0,High,18,78,1
Middle,Male,Rent,Single,Close,38600,1,Low,18,666,0
Old,Female,Rent,Single,Far,14000,0,Low,12,1250,0
Young,Female,Rent,Single,Far,14300,2,Low,6,1154,0
Young,Male,Rent,Married,Close,49800,0,Medium,12,683,0
Old,Female,Rent,Married,Far,60200,0,High,18,1221,1
Young,Male,Rent,Married,Far,43500,1,Medium,12,949,0
Young,Female,Rent,Married,Close,41700,1,,6,661,0
Middle,Female,Own,Married,Close,92300,3,Low,18,1136,0
Middle,Male,Own,Single,Close,62800,3,,6,973,0
Middle,Female,Rent,Married,Far,72900,0,High,18,1240,1
Middle,Female,Rent,Married,Close,66900,2,Medium,12,1128,0
Young,Male,Rent,Single,Close,21700,1,,18,602,0
Old,Female,Rent,Married,Close,39700,0,Medium,12,232,0
Middle,Male,Rent,Married,Far,72200,1,High,12,1013,1
Middle,Female,Rent,Married,Close,87700,3,,24,266,1
Middle,Male,Own,Married,Close,104100,0,High,24,921,1
Middle,Male,Rent,Single,Far,67700,0,High,12,331,1
Middle,Female,Own,Single,Close,27000,2,Low,6,240,0
Middle,Female,Own,Single,Far,64100,2,High,24,498,1
Middle,Male,Rent,Single,Close,47000,1,Medium,12,745,0
Old,Female,Own,Married,Close,41600,0,,18,444,0
Old,Female,Rent,Single,Close,20100,0,Low,24,795,0
Middle,Male,Own,Single,Close,64000,3,Low,12,175,0
Middle,Female,Own,Married,Far,96800,3,,24,718,1
Middle,Male,Rent,Married,Close,76200,1,,24,586,1
Old,Female,Rent,Married,Far,81500,0,High,18,1010,1
Middle,Female,Own,Single,Close,49600,1,Medium,12,599,0
Old,Female,Own,Married,Close,111500,0,High,18,527,1
Middle,Male,Own,Married,Close,77700,0,,6,1168,0
Young,Male,Own,Married,Close,58900,0,,18,949,0
Middle,Male,Own,Married,Close,126500,2,High,18,220,1
Middle,Female,Own,Married,Close,83300,1,High,24,857,1
Middle,Female,Own,Married,Close,90500,1,High,6,269,0
Middle,Female,Own,Married,Far,87200,0,High,18,1095,1
Middle,Female,Own,Married,Close,105300,1,,24,230,1
Middle,Female,Own,Single,Far,56000,3,Medium,6,903,0
Middle,Female,Rent,Single,Close,46600,0,Medium,24,60,0
Old,Male,Rent,Married,Close,69800,0,High,24,1086,1
Middle,Male,Own,Single,Close,60300,0,High,24,1082,1
Young,Male,Rent,Married,Close,67800,0,High,12,962,0
Middle,Male,Rent,Single,Close,42300,0,Medium,24,979,0
Young,Female,Own,Married,Far,33700,0,,6,1286,0
Middle,Male,Own,Single,Close,62700,2,Medium,12,391,0
Young,Female,Own,Single,Close,25900,2,,12,795,0
Young,Female,Own,Single,Close,15600,1,Low,6,209,0
Old,Female,Own,Single,Close,14600,0,Low,24,228,0
Old,Female,Own,Married,Close,62600,0,High,6,1057,0
Young,Male,Rent,Married,Close,66700,0,,18,555,1
Middle,Male,Own,Married,Far,72500,0,,24,40,1
Young,Female,Rent,Single,Far,13200,0,,24,517,0
Middle,Female,Own,Single,Close,51300,0,Medium,24,874,1
Middle,Male,Own,Single,Far,72300,0,High,24,689,1
Young,Female,Rent,Single,Close,15600,0,,12,590,0
Middle,Female,Own,Married,Far,90400,1,High,18,253,1
Middle,Male,Own,Single,Far,71500,0,,6,255,0
Young,Male,Rent,Single,Close,14400,0,,24,419,0
Young,Male,Rent,Single,Close,15000,3,Low,6,593,0
Middle,Male,Own,Single,Close,57600,1,,6,927,0
Young,Female,Rent,Married,Close,60600,3,Low,12,1150,0
Middle,Male,Own,Married,Far,84300,2,High,18,1012,1
Young,Female,Own,Single,Close,24400,1,Low,6,991,0
Young,Female,Rent,Single,Close,22100,2,Low,18,806,0
Middle,Male,Rent,Married,Far,48800,2,,12,831,1
Middle,Female,Own,Married,Close,74700,1,Medium,6,353,0
Young,Female,Rent,Single,Far,32400,1,Medium,24,1189,0
Old,Female,Own,Single,Close,11400,0,,6,833,0
Middle,Male,Own,Married,Close,127000,0,,12,231,1
Middle,Male,Rent,Single,Close,47200,0,Medium,18,676,1
Middle,Female,Own,Single,Close,48700,2,Low,12,174,0
Young,Male,Rent,Single,Far,20400,0,Medium,18,12,0
Middle,Male,Rent,Single,Close,39000,0,,6,1064,0
Young,Female,Rent,Single,Close,12900,1,Low,6,120,0
Middle,Female,Rent,Married,Far,67300,1,High,18,70,1
Old,Male,Own,Married,Close,134500,0,High,24,170,1
Old,Male,Own,Married,Close,75500,0,High,6,552,0
Old,Female,Own,Married,Far,33600,2,Medium,12,581,0
Young,Female,Rent,Single,Close,16300,1,,12,499,0
Young,Male,Rent,Married,Close,27400,1,Low,6,370,0
Middle,Female,Own,Married,Close,110400,3,Low,24,885,0
Young,Female,Rent,Single,Far,21100,1,Low,6,250,0
Middle,Male,Own,Married,Close,81200,0,High,24,642,1
Middle,Male,Rent,Married,Far,87100,2,High,18,1072,1
Young,Female,Rent,Single,Far,21700,3,,24,233,0
Middle,Female,Rent,Single,Close,42200,0,,18,144,1
Middle,Male,Rent,Single,Far,59000,0,High,24,1157,1
Middle,Female,Own,Single,Close,52700,2,Low,18,529,0
Young,Male,Own,Single,Close,20900,0,Low,24,825,0
Middle,Male,Own,Married,Far,90700,3,High,24,541,1
Old,Female,Own,Married,Far,91800,0,,24,531,1
Young,Female,Own,Single,Far,27900,0,Medium,18,71,0
Old,Female,Own,Married,Close,70700,0,High,24,1014,1
Middle,Male,Own,Married,Close,79600,2,,6,625,1
Middle,Male,Rent,Married,Close,96400,1,High,24,1158,1
Middle,Female,Own,Single,Close,46600,2,,18,843,0
Old,Male,Own,Married,Close,106600,0,High,12,1278,1
Middle,Female,Rent,Married,Close,104900,3,Low,6,737,0
Old,Male,Rent,Single,Close,56300,0,Medium,6,74,0
Young,Female,Rent,Single,Close,14800,1,Low,6,51,0
Old,Male,Own,Married,Close,58300,0,Medium,24,519,1
Middle,Male,Own,Single,Far,70200,0,High,12,1092,1
Old,Male,Own,Married,Far,59700,0,High,18,797,1
Young,Male,Rent,Single,Close,25800,0,,6,1272,0
Young,Female,Rent,Single,Close,12000,0,Low,24,600,0
Middle,Male,Rent,Single,Far,51900,0,High,18,1245,1
Middle,Female,Own,Single,Far,66800,3,,24,775,1
Middle,Male,Own,Married,Close,105300,1,,18,684,1
Young,Female,Rent,Single,Far,13800,3,Low,6,879,0
Young,Male,Rent,Single,Close,14800,3,,12,338,0
Middle,Female,Own,Married,Far,44200,0,High,24,554,1
Young,Male,Rent,Single,Close,10400,0,,18,347,0
Middle,Female,Own,Single,Close,35200,0,Medium,12,509,0
Young,Female,Rent,Single,Far,16100,0,,6,657,0
Middle,Male,Own,Married,Close,113000,2,Medium,18,211,1
Middle,Male,Own,Married,Close,63300,2,,6,1012,0
Young,Male,Rent,Single,Close,19100,0,,6,508,0
Middle,Female,Own,Married,Close,93400,2,,24,488,1
Old,Female,Rent,Married,Far,52500,0,High,24,696,1
Middle,Female,Rent,Married,Far,45400,3,Medium,24,662,0
Young,Female,Own,Single,Far,21400,3,,6,624,0
Middle,Female,Own,Single,Close,53700,3,Low,12,414,0
Young,Female,Own,Married,Far,68000,0,High,24,404,1
Young,Male,Rent,Single,Close,17400,0,,12,1034,0
Young,Female,Rent,Single,Close,14600,1,Low,6,680,0
Old,Female,Own,Married,Far,100100,0,High,12,122,1
Middle,Male,Own,Married,Far,103700,1,High,24,1269,1
Young,Female,Rent,Single,Far,10800,3,Low,6,712,0
Middle,Female,Own,Married,Close,81700,3,Low,24,991,0
Old,Female,Rent,Single,Close,21400,0,Low,18,1034,0
Old,Female,Own,Married,Close,114800,0,High,18,176,1
Old,Female,Own,Married,Far,67900,0,High,24,1095,1
Middle,Male,Own,Married,Close,53700,1,,12,771,0
Young,Female,Rent,Single,Far,11400,3,,12,930,0
Young,Male,Rent,Married,Close,34300,3,,12,1265,1
Young,Female,Rent,Single,Close,16400,1,Low,12,308,0
Middle,Female,Own,Married,Far,109800,0,High,18,1024,1
Middle,Male,Own,Single,Close,64200,0,High,18,705,1
Young,Male,Rent,Single,Close,17000,0,,18,1230,0
Middle,Female,Rent,Single,Close,41400,3,Low,6,294,0
Middle,Female,Own,Single,Close,49100,2,Low,6,1118,0
Old,Female,Own,Single,Far,42600,0,High,24,1042,1
Young,Female,Rent,Single,Close,11900,1,Low,6,848,0
Middle,Male,Own,Married,Far,113600,2,High,18,139,1
Middle,Male,Own,Single,Close,52900,1,,24,89,1
Young,Female,Rent,Single,Close,14300,1,,18,648,0
Young,Male,Rent,Single,Close,21000,0,Low,24,1185,0
Middle,Male,Own,Single,Far,59600,2,Medium,18,484,1
Middle,Female,Rent,Single,Close,39700,3,Low,12,623,0
Old,Male,Own,Married,Close,51200,0,Medium,12,231,1
Middle,Female,Own,Married,Close,88200,0,,24,89,1
Middle,Male,Own,Married,Far,122100,0,High,12,869,1
Old,Female,Rent,Married,Close,84800,0,High,18,15,1
Middle,Male,Own,Married,Far,140000,0,High,12,865,1
Old,Female,Own,Single,Close,28500,0,Low,24,521,0
Middle,Male,Rent,Single,Close,60300,0,High,6,1101,0
Young,Female,Rent,Married,Far,51900,0,,6,897,0
Middle,Male,Own,Single,Close,60200,0,Medium,12,1052,1
Middle,Male,Own,Married,Far,81200,0,High,12,778,1
Old,Male,Own,Married,Close,73100,0,High,6,246,1
Old,Male,Own,Single,Close,45700,0,Medium,18,1035,0
Old,Female,Rent,Single,Close,28900,0,Low,12,1058,0
Young,Female,Rent,Married,Close,60100,0,,18,1116,1
Middle,Female,Own,Married,Close,84800,1,,12,931,1
Old,Female,Own,Married,Close,35000,0,Medium,6,1287,0
Young,Female,Rent,Married,Close,61700,0,,12,220,0
Old,Female,Rent,Married,Close,46900,0,Medium,6,710,0
Middle,Female,Own,Married,Close,123600,1,,12,379,1
Young,Male,Rent,Married,Close,45800,0,Medium,6,520,0
Middle,Male,Own,Married,Far,77800,1,High,18,325,1
Middle,Female,Own,Single,Close,48700,1,,12,959,1
Middle,Female,Rent,Single,Far,39000,3,Low,6,69,0
Young,Female,Rent,Married,Close,40000,0,,6,273,0
Middle,Female,Rent,Married,Close,118300,1,,18,165,1
Young,Female,Own,Single,Close,27100,2,Low,24,472,0
Middle,Female,Rent,Married,Close,91000,2,Medium,6,213,0
Middle,Female,Own,Married,Close,35300,0,Medium,24,1033,0
Young,Female,Rent,Single,Far,10200,2,Low,18,135,0
Young,Female,Rent,Single,Close,12500,1,Low,6,371,0
Old,Female,Own,Single,Close,64600,0,,6,1205,1
Middle,Male,Own,Married,Far,113800,0,,12,844,1
Middle,Male,Own,Married,Far,113400,3,High,18,92,1
Young,Female,Rent,Single,Close,16900,1,Low,6,439,0
Young,Female,Rent,Single,Close,13600,1,Low,6,975,0
Middle,Male,Own,Married,Far,100100,1,High,24,162,1
Old,Female,Own,Married,Far,80000,0,High,6,1260,1
Middle,Male,Own,Married,Close,83900,0,High,24,912,1
Middle,Male,Own,Married,Close,77000,0,High,12,824,1
Middle,Female,Rent,Married,Close,72900,3,Low,6,355,0
Young,Male,Rent,Married,Close,80700,3,Low,6,232,0
Young,Female,Rent,Married,Close,40900,1,Medium,18,439,0
Young,Female,Rent,Single,Close,26700,1,,12,636,0
Middle,Male,Own,Married,Close,54700,0,Medium,18,774,0
Old,Female,Rent,Married,Close,23600,1,Low,6,1221,0
Middle,Male,Rent,Single,Far,56900,0,High,24,146,1
Middle,Male,Own,Single,Far,68700,1,,24,806,1
Young,Female,Rent,Single,Close,19300,1,Low,24,254,0
Young,Male,Rent,Married,Far,20200,1,Low,24,599,0
Middle,Female,Rent,Married,Far,61500,3,Medium,24,1119,0
Middle,Female,Own,Married,Far,101700,1,,24,822,1
Middle,Female,Rent,Married,Far,120800,1,High,24,1227,1
Young,Female,Rent,Single,Far,17300,1,Low,18,65,0
Young,Female,Rent,Married,Close,42300,0,,6,833,0
Middle,Male,Rent,Single,Close,53300,0,Medium,18,516,1
Middle,Female,Rent,Single,Close,42800,0,Medium,12,416,0
Middle,Male,Own,Married,Close,98400,0,High,18,288,1
Middle,Female,Own,Single,Close,51200,0,Medium,18,1018,1
Old,Male,Own,Single,Close,62200,0,,12,779,1
Middle,Male,Own,Married,Close,109200,3,Low,24,303,0
Young,Female,Rent,Single,Close,11400,2,,6,1054,0
Young,Female,Rent,Single,Close,14000,0,Low,12,246,0
Old,Female,Rent,Married,Close,97000,0,,24,1131,1
Young,Female,Own,Single,Far,29600,3,,12,1221,0
Old,Male,Own,Married,Close,71200,1,Medium,12,945,0
Old,Female,Rent,Single,Far,15000,0,Low,12,287,0
Middle,Male,Rent,Married,Far,64000,1,,6,280,1
Old,Male,Own,Married,Far,33000,0,Medium,12,16,0
Old,Female,Own,Married,Close,74400,0,High,18,704,1
Young,Male,Rent,Single,Far,20300,2,Low,24,787,0
Middle,Male,Rent,Married,Close,68700,0,High,24,555,1
Young,Male,Rent,Married,Far,53600,3,Medium,24,205,1
Old,Female,Own,Single,Close,33200,0,Medium,24,496,0
Young,Female,Own,Married,Far,70900,0,,6,170,0
Young,Female,Rent,Single,Close,23200,3,,24,1124,0
Young,Male,Own,Single,Close,41400,0,Medium,18,489,0
Young,Female,Rent,Married,Close,63200,0,High,24,1083,1
Old,Male,Own,Married,Close,107400,0,High,12,370,1
Young,Male,Rent,Single,Far,13900,0,,24,456,0
Middle,Female,Rent,Married,Close,79900,1,Medium,18,852,0
Middle,Male,Own,Married,Far,120000,3,High,18,1086,1
Old,Male,Rent,Married,Far,66300,0,,18,571,1
Middle,Female,Own,Single,Close,54400,3,Low,18,695,0
Middle,Male,Own,Married,Close,84200,0,High,24,502,1
Young,Female,Rent,Married,Close,13800,0,Low,18,479,0
Young,Female,Rent,Single,Far,14500,1,Low,6,537,0
Young,Male,Rent,Single,Close,21300,0,Low,24,977,0
Old,Male,Rent,Single,Close,29000,0,Low,6,854,0
Old,Female,Rent,Single,Close,14600,1,Low,24,957,0
Old,Male,Own,Single,Close,65300,0,High,18,808,1
Middle,Female,Own,Married,Close,100800,1,High,24,708,1
Young,Female,Rent,Single,Far,19800,1,Low,24,110,0
Middle,Male,Own,Single,Close,56700,2,Low,18,852,0
Old,Male,Rent,Married,Close,90200,0,High,18,932,1
Young,Male,Rent,Single,Close,26100,1,,6,94,0
Young,Female,Rent,Single,Close,15900,0,Low,18,93,0
Young,Female,Rent,Single,Close,12700,3,Low,12,576,0
Middle,Male,Rent,Single,Close,43200,0,,24,328,0
Middle,Female,Rent,Married,Close,114100,1,,24,571,1
Middle,Male,Own,Married,Close,96100,3,Low,12,769,0
Middle,Male,Own,Married,Close,97200,0,,12,1003,1
Middle,Male,Own,Married,Far,82400,2,High,24,1052,1
Old,Male,Own,Single,Far,62000,0,High,24,1297,1
Young,Female,Rent,Single,Close,13400,1,Low,12,598,0
Middle,Male,Own,Married,Close,108200,3,Low,12,605,0
Young,Female,Own,Married,Close,76200,0,High,12,872,0
Middle,Male,Rent,Married,Close,81800,1,High,18,370,1
Young,Female,Rent,Single,Far,12000,0,Low,6,19,0
Middle,Male,Own,Married,Close,76100,0,,6,262,0
Middle,Male,Own,Married,Close,82100,1,High,18,234,1
Old,Female,Own,Married,Close,103300,0,High,24,353,1
Young,Male,Rent,Single,Close,14200,1,,24,374,0
Middle,Female,Own,Single,Far,47500,0,High,6,958,0
Young,Female,Rent,Single,Close,31300,1,Low,6,1149,0
Young,Female,Rent,Married,Far,32700,1,,18,633,1
Middle,Male,Own,Married,Close,72200,0,High,24,477,1
Middle,Female,Own,Married,Close,107600,2,Medium,12,607,1
Middle,Male,Own,Married,Close,109900,2,Medium,12,1170,0
Middle,Female,Own,Married,Close,65400,2,Medium,24,579,0
Old,Female,Own,Single,Close,43300,0,,12,55,1
Old,Female,Own,Single,Close,51900,0,Medium,12,154,0
Middle,Female,Own,Married,Far,80600,0,High,24,569,1
Middle,Female,Rent,Single,Close,42700,0,Medium,12,452,0
Young,Male,Rent,Single,Far,19000,0,,12,1033,0
Young,Female,Rent,Single,Close,14500,1,Low,6,139,0
Middle,Female,Own,Married,Close,68200,1,,6,619,0
Young,Male,Rent,Married,Close,36700,0,Medium,12,1053,0
Old,Male,Own,Married,Far,54600,0,High,24,103,1
Middle,Male,Own,Married,Close,65900,1,Medium,12,1168,0
Young,Male,Own,Single,Far,39600,0,,12,1138,0
Young,Male,Rent,Married,Far,67300,3,,6,540,0
Middle,Male,Own,Single,Close,59700,1,,18,546,1
Middle,Female,Own,Married,Far,102800,2,High,18,200,1
Middle,Female,Rent,Single,Close,34700,0,,18,448,1
Middle,Male,Own,Single,Close,50600,3,,6,823,0
Middle,Male,Rent,Married,Close,106700,2,Medium,6,273,0
Middle,Male,Rent,Single,Close,53900,1,Medium,6,1096,0
Young,Female,Rent,Married,Close,25500,2,Low,6,480,0
Young,Male,Rent,Married,Far,46300,1,Medium,18,501,1
Old,Male,Own,Married,Close,55500,0,Medium,18,42,0
Young,Female,Own,Single,Close,27800,3,,12,76,0
Middle,Male,Own,Married,Close,118600,1,,12,1069,1
Middle,Female,Own,Married,Close,130700,3,,6,94,1
Old,Male,Rent,Single,Close,42800,0,Medium,12,110,0
Middle,Female,Own,Married,Far,118300,1,High,12,393,1
Young,Female,Rent,Single,Far,25600,2,,18,855,0
Middle,Male,Rent,Married,Close,63500,2,,24,75,1
Old,Female,Own,Single,Close,30900,0,Medium,18,1106,0
Middle,Male,Own,Single,Close,55900,1,,24,231,1
Middle,Male,Own,Single,Far,53900,0,,12,301,0
Old,Male,Own,Married,Close,84300,0,High,24,815,1
Old,Male,Own,Single,Close,53400,1,Medium,12,549,0
Middle,Male,Own,Married,Close,96900,1,High,12,1240,1
Middle,Male,Rent,Single,Far,55800,1,,6,255,0
Young,Female,Rent,Married,Close,25900,1,Low,6,591,0
Young,Female,Rent,Single,Close,22000,1,Low,12,400,0
Middle,Female,Rent,Married,Close,96700,2,Medium,12,276,1
Middle,Female,Rent,Single,Close,40200,1,,12,1057,0
Old,Male,Own,Married,Close,26800,0,Low,12,454,0
Young,Female,Rent,Single,Close,16700,2,Low,12,759,0
Young,Female,Rent,Married,Close,40900,2,Low,18,991,0
Young,Male,Rent,Married,Far,41500,3,,24,1047,1
Young,Male,Rent,Single,Close,20900,0,,6,459,0
Young,Female,Rent,Married,Close,69700,2,Medium,6,1190,0
Middle,Male,Rent,Single,Close,61800,0,High,24,1096,0
Middle,Male,Own,Married,Close,102500,1,High,24,250,1
Middle,Female,Own,Married,Close,48900,3,,18,1199,0
Middle,Male,Own,Single,Close,60300,0,,24,896,1
Young,Male,Rent,Married,Far,41600,0,High,24,801,1
Middle,Male,Own,Single,Close,73700,1,Medium,12,357,1
Young,Female,Rent,Single,Close,27000,1,,24,898,0
Middle,Female,Rent,Single,Close,43700,0,Medium,12,990,0
Young,Male,Rent,Single,Close,10200,2,,12,151,0
Middle,Female,Own,Married,Close,63300,2,Medium,24,518,0
Young,Female,Own,Single,Far,33200,2,Medium,12,392,0
Old,Female,Own,Married,Far,78800,0,High,18,376,1
Middle,Male,Own,Married,Close,82500,0,High,6,588,0
Middle,Male,Own,Single,Far,80800,2,High,18,643,1
Middle,Male,Own,Married,Close,88100,2,Medium,24,452,0
Middle,Male,Rent,Married,Far,124800,3,High,18,1077,1
Young,Male,Own,Single,Close,31900,0,Medium,6,1093,0
Middle,Female,Own,Single,Close,53300,3,,6,863,0
Old,Male,Own,Married,Far,15400,0,Low,6,1290,0
Middle,Male,Own,Married,Close,70200,0,,6,579,1
Young,Female,Rent,Single,Close,23000,3,Low,6,810,0
Middle,Female,Own,Married,Close,82400,2,Medium,18,600,0
Middle,Female,Own,Married,Close,97900,0,High,24,1275,1
Old,Female,Rent,Married,Far,88400,0,High,18,1162,1
Middle,Female,Own,Married,Close,86900,0,High,18,315,1
Middle,Female,Own,Single,Close,45100,1,Medium,12,1096,0
Middle,Male,Rent,Single,Close,41800,3,Low,24,392,0
Old,Male,Own,Married,Close,74800,0,High,18,1073,1
Middle,Female,Rent,Married,Close,73000,1,Medium,6,16,0
Middle,Male,Own,Married,Close,118500,1,High,24,829,1
Middle,Male,Own,Single,Close,65300,3,Low,6,1176,0
Middle,Female,Rent,Married,Close,66300,2,Medium,12,134,0
Middle,Male,Own,Married,Far,103900,1,High,24,175,1
Middle,Female,Own,Married,Close,71900,0,High,18,1271,1
Middle,Male,Own,Married,Far,86100,1,,12,137,1
Middle,Male,Own,Married,Close,96300,1,High,12,38,0
Young,Female,Rent,Single,Close,10200,3,,6,366,0
Middle,Male,Own,Married,Close,96300,2,,18,1148,1
Old,Female,Own,Single,Far,24000,1,Low,6,309,0
Middle,Female,Rent,Married,Close,46700,0,Medium,24,147,0
Middle,Female,Rent,Single,Close,53700,2,,12,844,0
Middle,Male,Rent,Married,Close,108300,2,,12,1052,1
Young,Female,Rent,Single,Close,12100,1,Low,6,287,0
Young,Male,Rent,Married,Close,36600,0,,6,743,0
Old,Male,Own,Married,Close,66300,0,High,12,601,0
Young,Female,Own,Single,Close,33400,1,,6,370,0
Middle,Male,Own,Married,Far,70000,1,,6,1193,1
Middle,Female,Own,Single,Close,47900,1,Medium,24,579,0
Middle,Female,Rent,Married,Close,40500,2,Low,18,731,0
Old,Male,Own,Single,Close,69100,0,High,12,1236,1
Young,Female,Rent,Single,Close,13300,1,,6,453,0
Middle,Female,Rent,Married,Far,75800,1,High,12,346,1
Middle,Female,Rent,Married,Close,48600,0,Medium,24,279,1
Old,Female,Own,Single,Close,39600,0,Medium,12,86,0
Young,Female,Rent,Single,Close,11700,0,Low,12,374,0
Young,Male,Rent,Married,Close,52600,1,Medium,12,315,0
Young,Male,Rent,Single,Close,14600,3,,6,205,0
Old,Male,Own,Married,Close,123000,0,High,24,584,1
Old,Female,Rent,Married,Far,64600,0,High,18,820,1
Middle,Female,Own,Single,Far,34600,2,Medium,18,188,0
Middle,Male,Own,Married,Close,74500,0,High,6,1132,1
Old,Male,Own,Married,Close,56600,0,,24,489,1
Old,Female,Rent,Single,Close,37000,1,,6,920,0
Young,Female,Rent,Single,Far,18400,1,Low,6,1297,0
Young,Male,Rent,Single,Close,25000,0,Low,6,1107,0
Middle,Male,Own,Married,Far,61400,1,High,24,618,1
Middle,Male,Own,Married,Close,76400,2,Medium,18,270,0
Young,Male,Own,Married,Close,55100,0,Medium,18,1027,1
Old,Female,Own,Married,Far,22800,0,,12,583,0
Old,Female,Own,Married,Close,10100,1,Low,6,642,0
Young,Male,Rent,Single,Close,17800,0,Low,18,1043,0
Middle,Female,Own,Married,Close,59100,1,,6,821,1
Young,Female,Rent,Single,Far,19700,2,Low,6,401,0
Middle,Male,Own,Married,Far,73800,0,High,24,979,1
Middle,Male,Own,Married,Far,113300,1,High,18,207,1
Middle,Male,Own,Married,Far,118400,2,,12,728,1
Middle,Male,Own,Married,Close,92300,1,,24,128,1
Young,Male,Rent,Single,Close,11200,0,,6,1001,0
Young,Female,Rent,Married,Far,30100,0,Medium,12,321,0
Middle,Female,Own,Single,Close,43500,1,Medium,12,679,0
Middle,Male,Own,Married,Close,97500,0,High,18,1061,1
Old,Male,Own,Married,Close,54600,0,Medium,24,983,1
Middle,Male,Rent,Single,Far,42500,1,,6,423,0
Middle,Male,Own,Single,Close,82800,0,,6,199,1
Old,Male,Own,Married,Far,62300,0,High,24,1000,1
Young,Male,Rent,Single,Far,21900,2,,6,727,0
Middle,Female,Rent,Single,Far,35600,3,Low,18,880,0
Middle,Male,Own,Married,Close,96900,0,High,6,694,0
Young,Female,Rent,Married,Close,36900,1,,18,175,1
Middle,Female,Rent,Married,Close,93500,1,High,18,1212,1
Middle,Male,Own,Married,Close,97300,1,,12,808,1
Young,Male,Rent,Single,Close,21900,0,Low,12,671,0
Middle,Male,Rent,Single,Close,63000,0,High,24,1056,1
Young,Female,Rent,Single,Close,11500,3,,6,733,0
Middle,Male,Own,Single,Close,44600,2,Low,6,211,0
Young,Female,Rent,Single,Close,21900,1,,12,316,0
Middle,Male,Rent,Single,Far,45100,1,Medium,12,603,0
Old,Female,Own,Married,Close,74900,0,High,12,827,1
Young,Male,Rent,Single,Close,14200,0,Low,6,620,0
Young,Female,Rent,Single,Far,23200,2,,24,1204,0
Old,Male,Own,Married,Close,73300,0,,12,341,1
Old,Male,Own,Married,Far,41300,0,High,24,1121,1
Old,Female,Own,Single,Far,32700,0,Medium,24,1134,1
Old,Female,Own,Single,Close,35200,0,,12,971,0
Young,Female,Rent,Single,Close,13100,0,,18,1146,0
Middle,Male,Own,Married,Close,97400,1,High,6,471,0
Young,Female,Rent,Single,Far,23100,2,Low,6,522,0
Middle,Male,Own,Single,Close,49200,3,Low,12,482,0
Middle,Male,Own,Single,Far,45000,1,,18,740,0
Middle,Male,Own,Married,Close,87200,0,High,18,130,1
Middle,Male,Own,Single,Close,49900,1,,24,683,1
Middle,Male,Own,Married,Close,66900,0,High,12,399,1
Middle,Female,Own,Single,Close,47600,1,Medium,12,173,0
Middle,Female,Own,Single,Close,47900,0,,12,317,0
Middle,Male,Own,Single,Close,59400,0,Medium,18,71,1
Middle,Female,Rent,Single,Close,32700,2,Low,6,841,0
Middle,Male,Rent,Single,Close,34200,1,Low,18,174,0
Middle,Male,Own,Married,Close,96600,0,,12,21,1
Middle,Female,Own,Married,Close,126300,1,High,6,570,1
Young,Male,Rent,Single,Close,31600,1,,12,861,0
Middle,Female,Own,Married,Far,108100,3,High,18,29,1
Middle,Female,Rent,Single,Close,43300,3,Low,24,424,0
Old,Female,Rent,Single,Far,17900,0,Low,6,638,0
Middle,Male,Own,Single,Far,50100,1,High,18,312,0
Old,Female,Own,Married,Close,74700,0,High,12,763,1
Old,Male,Rent,Married,Close,60000,0,Medium,6,807,0
Young,Male,Own,Single,Close,33400,0,,12,311,0
Middle,Female,Rent,Married,Close,68800,0,,6,470,1
Middle,Female,Rent,Single,Close,25700,2,Low,6,131,0
Middle,Male,Own,Married,Close,83700,0,High,24,481,1
Middle,Male,Rent,Single,Close,50500,0,Medium,12,396,0
Young,Female,Rent,Single,Close,17300,0,Low,12,1080,0
Middle,Male,Own,Single,Close,45800,0,,6,240,0
Old,Male,Own,Married,Close,108900,0,High,12,331,1
Middle,Female,Rent,Married,Close,60500,2,Low,6,45,0
Old,Female,Own,Married,Far,84100,0,High,18,1216,1
Young,Male,Rent,Married,Far,25100,0,Medium,12,735,0
Middle,Male,Own,Married,Close,69900,1,,18,77,1
Middle,Male,Own,Married,Close,97100,0,,12,1206,1
Middle,Female,Own,Married,Close,72200,2,Medium,18,903,0
Old,Female,Own,Married,Far,78900,0,High,18,612,1
Middle,Female,Own,Single,Far,62500,3,,6,657,0
Young,Female,Rent,Single,Close,17800,1,Low,6,1199,0
Middle,Female,Own,Married,Close,105500,1,High,6,1096,1
Middle,Female,Own,Single,Close,46100,2,Low,12,419,0
Young,Male,Rent,Single,Close,27100,1,Low,12,547,0
Young,Male,Rent,Married,Far,60300,1,,6,1281,1
Young,Female,Rent,Single,Close,12000,0,Low,6,833,0
Middle,Female,Own,Single,Close,48400,0,Medium,12,738,0
Middle,Male,Rent,Single,Close,45600,0,Medium,18,944,1
Middle,Female,Own,Single,Close,35200,2,Low,6,837,0
Middle,Male,Rent,Single,Far,60200,0,High,24,818,1
Middle,Female,Rent,Married,Far,53900,1,High,18,160,1
Middle,Male,Own,Married,Close,70400,2,,12,924,0
Young,Male,Rent,Married,Close,36900,0,Medium,18,828,0
Old,Female,Own,Single,Close,36100,0,Medium,12,181,0
Young,Female,Rent,Single,Close,11000,2,,18,22,0
Middle,Male,Own,Single,Close,61600,0,,18,510,1
Middle,Male,Own,Married,Close,88700,1,,18,755,1
Middle,Female,Own,Married,Far,88600,1,High,18,1243,1
Middle,Male,Rent,Married,Close,79500,0,High,18,219,1
Young,Female,Rent,Single,Close,18900,1,Low,6,882,0
Old,Female,Own,Single,Close,17300,0,Low,6,659,0
Middle,Female,Rent,Married,Close,81400,2,,6,835,0
Young,Male,Rent,Married,Close,36500,0,Medium,24,796,0
Middle,Female,Own,Single,Close,43300,1,,18,327,0
Middle,Male,Own,Married,Close,76700,1,Medium,24,605,1
Middle,Male,Own,Married,Far,123000,1,High,24,72,1
Middle,Male,Own,Single,Close,56300,3,Low,6,1233,0
Middle,Male,Own,Married,Close,70000,0,High,24,742,1
Middle,Male,Own,Single,Close,48100,0,Medium,18,652,1
Young,Female,Rent,Married,Close,79400,0,,6,264,0
Middle,Female,Own,Married,Close,63700,3,Low,12,1089,0
Young,Male,Rent,Single,Close,21200,0,,12,352,0
Middle,Male,Rent,Single,Close,53900,0,Medium,12,832,0
Old,Female,Own,Married,Close,118800,0,High,18,1276,1
Middle,Female,Own,Married,Close,79400,3,Low,6,491,0
Old,Female,Rent,Single,Far,20400,0,,24,430,0
Middle,Male,Rent,Single,Close,52400,0,,18,1010,0
Old,Female,Own,Single,Close,17600,0,Low,6,535,0
Young,Male,Rent,Single,Close,23500,0,Low,12,90,0
Young,Male,Rent,Married,Close,56900,2,Low,12,220,0
Middle,Male,Own,Married,Close,95100,2,Medium,12,753,0
Middle,Male,Own,Married,Close,119800,2,Medium,24,104,1
Old,Male,Own,Single,Close,58700,0,,24,989,1
Middle,Female,Own,Married,Close,76700,2,Medium,6,62,0
Middle,Male,Own,Married,Close,67600,1,Medium,18,879,0
Middle,Male,Own,Single,Close,61500,2,Medium,24,454,0
Old,Female,Own,Married,Close,72900,0,High,6,384,0
Old,Female,Rent,Single,Close,21200,0,Low,6,838,0
Old,Male,Rent,Single,Close,32400,1,Low,12,91,0
Middle,Female,Own,Married,Close,62200,3,,24,158,1
Old,Female,Own,Single,Close,24400,0,Low,6,26,0
Middle,Male,Own,Married,Close,66500,3,Low,12,240,0
Old,Female,Rent,Married,Far,72200,0,High,24,1198,1
Young,Female,Rent,Single,Close,16900,2,,6,73,0
Young,Male,Rent,Married,Close,56300,0,,24,231,1
Old,Female,Own,Single,Far,22000,0,Medium,12,591,0
Young,Female,Rent,Single,Close,18800,2,Low,18,777,0
Young,Female,Rent,Single,Close,26600,2,Low,24,515,0
Middle,Female,Rent,Married,Close,72100,0,High,24,434,1
Middle,Male,Own,Single,Far,55600,0,High,18,1049,1
Young,Female,Rent,Single,Close,14600,3,Low,6,1026,0
Old,Male,Own,Married,Close,45900,0,Medium,24,1254,1
Young,Female,Own,Single,Close,15100,0,Low,6,1107,0
Middle,Male,Own,Married,Close,140700,3,Medium,12,1197,0
Middle,Male,Own,Married,Close,90300,0,High,24,126,1
Old,Male,Own,Married,Close,95900,0,High,24,1235,1
Young,Male,Rent,Single,Far,20800,0,,6,655,0
Middle,Male,Own,Married,Close,98400,0,High,12,872,1
Young,Female,Rent,Single,Close,15000,2,,12,828,0
Young,Male,Rent,Single,Close,17700,1,Low,12,286,0
Middle,Male,Own,Married,Close,102400,1,High,18,279,1
Young,Male,Rent,Single,Far,17800,1,,18,1032,0
Young,Male,Rent,Single,Far,13800,1,Low,12,410,0
Middle,Female,Rent,Single,Close,50500,1,Medium,12,811,0
Middle,Female,Rent,Single,Close,42000,3,Low,18,1094,0
Middle,Male,Own,Married,Close,95800,3,Low,12,415,0
Young,Male,Rent,Single,Close,15200,0,,12,587,0
Young,Male,Rent,Single,Close,15800,2,Low,12,96,0
Old,Male,Own,Single,Close,51400,0,,6,206,0
Old,Female,Rent,Married,Close,38200,0,Medium,6,236,0
Middle,Female,Rent,Single,Close,39900,1,Low,12,108,0
Young,Female,Own,Single,Close,21600,2,,12,41,0
Old,Female,Own,Married,Close,65900,0,High,24,834,1
Middle,Female,Own,Married,Close,97500,1,High,12,465,1
Middle,Male,Rent,Married,Far,63000,0,High,18,1164,1
Young,Female,Own,Single,Far,31900,0,,12,815,0
Middle,Female,Rent,Single,Far,45500,1,,18,762,1
Old,Female,Own,Single,Close,12800,0,,12,486,0
Old,Female,Own,Married,Far,12600,2,Low,12,438,0
Middle,Male,Rent,Single,Close,50700,3,Low,6,1012,0
Young,Female,Rent,Single,Close,17900,3,Low,6,863,0
Young,Female,Rent,Single,Close,14400,1,Low,18,620,0
Old,Female,Own,Single,Close,23800,0,Low,6,1125,0
Middle,Male,Own,Married,Close,84700,3,,24,670,1
Middle,Female,Rent,Single,Close,36900,1,Low,6,1012,0
Old,Female,Own,Single,Close,20600,0,Low,6,1125,0
Young,Male,Rent,Married,Close,41500,0,,24,806,0
Middle,Male,Own,Married,Close,83100,2,Medium,6,597,0
Middle,Male,Own,Married,Far,88700,2,High,24,171,1
Old,Female,Own,Married,Close,54700,0,Medium,24,597,1
Middle,Male,Own,Single,Close,68900,2,,18,468,1
Young,Female,Rent,Single,Close,22200,2,Low,18,681,0
Middle,Female,Own,Married,Close,70900,1,Medium,12,733,0
Middle,Male,Own,Single,Close,55900,0,Medium,12,949,0
Middle,Female,Own,Married,Close,80800,1,,18,938,1
Middle,Male,Own,Married,Far,100600,3,High,24,797,1
Old,Female,Own,Single,Close,39900,0,,6,1211,0
Young,Female,Rent,Married,Close,71200,3,Low,12,937,0
Old,Female,Own,Married,Close,61000,0,,18,619,1
Old,Male,Own,Single,Close,38700,0,,24,150,1
Middle,Male,Own,Married,Far,98900,0,,18,114,1
Middle,Male,Own,Single,Close,64300,0,,6,470,1
Middle,Female,Own,Married,Close,75600,0,,12,197,1
Young,Female,Rent,Married,Far,53700,0,High,24,446,1
Middle,Male,Own,Single,Close,66600,0,High,18,397,0
Old,Female,Own,Married,Close,89000,0,High,12,530,1
Young,Female,Rent,Single,Far,18200,2,Low,12,306,0
Young,Female,Rent,Married,Close,73600,1,Medium,6,792,0
Middle,Female,Rent,Single,Far,45600,0,High,12,842,1
Young,Male,Own,Married,Close,73000,0,,6,648,1
Young,Male,Own,Single,Close,29600,3,,12,525,0
Middle,Male,Rent,Married,Close,92900,1,,6,613,1
Old,Female,Rent,Single,Far,13900,0,Low,6,598,0
Young,Male,Rent,Married,Close,64300,3,Low,6,558,0
Middle,Male,Own,Married,Close,77100,2,Medium,6,221,0
Young,Female,Own,Single,Close,27500,3,,12,916,0
Old,Male,Rent,Married,Close,81800,0,High,6,106,0
Old,Female,Rent,Married,Close,41700,0,Medium,18,257,1
Old,Female,Own,Married,Close,51000,0,Medium,12,433,0
Middle,Male,Rent,Single,Close,55900,1,Medium,12,175,0
Young,Male,Rent,Single,Close,19800,2,Low,12,559,0
Young,Male,Rent,Single,Close,17600,0,,6,1186,0
Middle,Male,Rent,Married,Far,84100,1,High,24,452,1
Middle,Male,Own,Married,Close,85600,0,High,24,184,1
Young,Male,Rent,Single,Close,13400,0,Low,18,703,0
Young,Female,Rent,Married,Far,47200,1,Medium,12,159,1
Middle,Male,Own,Married,Close,96300,1,High,24,275,1
Middle,Male,Own,Married,Close,60500,3,Low,12,634,0
Middle,Female,Own,Single,Close,35800,1,,24,1227,1
Middle,Male,Rent,Married,Close,106100,3,Low,12,49,0
Young,Male,Rent,Single,Close,18000,0,Low,12,1029,0
Middle,Male,Rent,Single,Far,50000,1,,6,911,0
Old,Female,Own,Single,Close,58200,0,Medium,18,783,0
Young,Female,Rent,Single,Far,13500,2,Low,12,150,0
Middle,Female,Own,Married,Close,59900,1,,6,1141,0
Young,Female,Rent,Single,Far,18400,1,Low,12,712,0
Middle,Male,Rent,Married,Close,62800,3,Low,6,635,0
Middle,Male,Rent,Single,Close,70000,0,High,6,1143,0
Young,Female,Rent,Single,Far,13600,1,,18,60,0
Middle,Female,Rent,Married,Close,97400,3,Low,6,251,0
Old,Female,Own,Married,Far,37500,0,Medium,18,478,1
Old,Female,Own,Single,Close,22800,0,Low,6,1175,0
Young,Female,Rent,Single,Close,14200,0,,6,133,0
Young,Male,Rent,Single,Close,18700,0,Low,12,905,0
Middle,Male,Own,Married,Close,107400,1,High,24,1050,1
Young,Female,Rent,Single,Far,28900,0,Medium,24,1185,0
Middle,Male,Rent,Married,Close,38400,2,Low,6,150,0
Middle,Male,Rent,Single,Close,54200,0,,18,905,1
Old,Male,Own,Married,Close,102700,0,,18,1195,1
Young,Female,Rent,Single,Close,13300,1,Low,6,578,0
Middle,Male,Own,Single,Close,60200,3,,12,550,1
Young,Male,Rent,Single,Close,21400,0,,12,89,0
Young,Female,Rent,Single,Close,21700,2,,6,18,0
Young,Male,Rent,Single,Close,23200,1,Low,24,636,0
Middle,Male,Own,Married,Close,64800,2,Medium,12,637,0
Middle,Male,Rent,Single,Close,55600,0,Medium,6,255,0
Middle,Male,Own,Married,Far,89500,0,High,24,981,1
Young,Female,Rent,Single,Far,12500,1,,12,695,0
Middle,Male,Own,Married,Close,87000,0,High,24,938,1
Middle,Female,Rent,Single,Far,31200,3,,24,752,0
Young,Female,Rent,Single,Close,13700,1,,6,385,0
Middle,Male,Own,Single,Close,55500,3,Low,18,641,0
Middle,Female,Rent,Single,Close,58600,1,Medium,6,14,0
Young,Female,Own,Married,Far,55900,1,,6,98,0
Young,Female,Rent,Single,Far,13700,2,,24,53,0
Old,Female,Own,Married,Far,81400,0,High,24,538,1
Old,Female,Own,Married,Close,90500,0,High,6,735,0
Middle,Female,Own,Married,Close,82200,1,,12,596,1
Middle,Male,Own,Married,Far,65400,3,,6,820,0
Middle,Male,Own,Single,Close,74400,0,High,12,282,0
Young,Male,Rent,Married,Far,63300,3,,6,886,1
Young,Male,Rent,Married,Far,51600,0,,12,311,0
Young,Male,Rent,Married,Far,55000,0,,12,324,0
Middle,Female,Own,Single,Close,43900,2,Low,6,862,0
Young,Female,Own,Single,Close,20300,1,Low,12,1290,0
Young,Female,Own,Single,Far,16300,0,,12,1143,0
Middle,Male,Own,Married,Close,97600,2,Medium,12,1193,0
Old,Female,Rent,Single,Far,15100,0,Low,6,726,0
Young,Female,Rent,Single,Close,12500,3,,12,755,0
Young,Female,Rent,Single,Close,10600,2,Low,12,468,0
Middle,Female,Own,Single,Close,41300,1,,18,56,0
Young,Female,Own,Single,Close,27200,2,Low,18,1077,0
Middle,Male,Own,Married,Close,102400,1,,12,411,1
Young,Female,Own,Single,Far,27900,1,,12,793,0
Old,Male,Rent,Married,Far,23800,0,,12,558,0
Middle,Male,Own,Married,Close,100000,1,High,24,1190,1
Middle,Female,Rent,Married,Far,43300,3,Medium,24,935,0
Middle,Male,Own,Married,Close,65800,1,,12,292,0
Middle,Female,Own,Married,Close,49700,2,Low,18,17,0
Middle,Female,Rent,Married,Close,82300,2,Medium,12,1035,0
Middle,Male,Rent,Single,Close,41200,0,Medium,12,443,0
Young,Male,Rent,Single,Close,29200,0,Low,18,621,0
Middle,Female,Own,Single,Close,51900,2,,12,1063,0
Middle,Female,Own,Married,Close,85500,2,Medium,18,605,0
Young,Female,Rent,Single,Far,12400,3,Low,18,463,0
Middle,Female,Own,Married,Close,111900,1,,12,872,1
Middle,Female,Rent,Single,Close,40400,1,Low,24,243,0
Young,Male,Rent,Single,Far,10900,0,Low,24,98,0
Middle,Male,Own,Married,Close,82400,3,,18,758,1
Young,Female,Rent,Single,Close,13200,1,Low,12,882,0
Middle,Male,Rent,Single,Close,57800,0,Medium,24,907,0
Old,Female,Own,Married,Close,52200,1,Medium,12,39,0
Middle,Male,Rent,Married,Far,64600,2,,24,1288,1
Middle,Female,Own,Single,Close,43100,0,,24,443,1
Old,Female,Own,Married,Far,40100,0,Medium,12,561,1
Old,Male,Own,Married,Close,84500,0,,12,1108,1
Old,Male,Rent,Married,Close,34500,0,Medium,12,886,0
Young,Female,Rent,Married,Close,61000,1,,18,1220,1
Old,Female,Own,Married,Far,79300,0,,12,759,1
Middle,Male,Rent,Single,Close,44500,0,Medium,24,700,0
Young,Male,Rent,Married,Close,39700,0,Medium,18,426,0
Old,Female,Own,Single,Close,30300,0,Low,18,254,0
Young,Female,Rent,Single,Close,20100,1,Low,12,1095,0
Old,Male,Own,Married,Far,86500,0,High,24,809,1
Old,Female,Rent,Single,Close,42500,0,Medium,24,1139,0
Middle,Male,Own,Married,Close,102300,0,High,24,603,1
Middle,Female,Own,Single,Far,52600,2,Medium,12,1114,1
Middle,Female,Rent,Single,Far,37800,2,,12,202,0
Young,Female,Rent,Single,Close,20300,2,Low,12,718,0
Middle,Male,Own,Married,Close,71600,1,,12,1211,0
Young,Male,Rent,Married,Close,54500,1,Medium,18,428,0
Middle,Male,Rent,Single,Close,54700,0,Medium,24,153,1
Middle,Male,Rent,Single,Far,58600,2,,6,794,0
Middle,Male,Rent,Single,Far,53800,0,High,12,952,1
Middle,Female,Own,Married,Close,131500,3,,6,653,1
Middle,Male,Rent,Single,Far,52200,0,High,24,953,1
Young,Male,Rent,Married,Close,37200,1,Low,6,991,0
Young,Male,Rent,Single,Far,22900,1,,12,640,0
Young,Male,Rent,Married,Close,55500,3,Low,12,702,0
Young,Female,Rent,Single,Far,12800,1,,24,888,0
Young,Female,Rent,Single,Close,17600,2,Low,18,177,0
Old,Female,Own,Single,Far,28300,0,Medium,24,325,0
Old,Male,Own,Single,Close,41900,0,Medium,6,180,0
Young,Female,Rent,Single,Close,14100,3,,6,96,0
Middle,Male,Rent,Single,Close,52100,0,,12,225,1
Middle,Male,Rent,Single,Far,38700,1,Medium,18,948,0
Middle,Female,Rent,Single,Far,44100,1,Medium,18,115,1
Middle,Male,Own,Married,Far,79200,1,High,6,108,1
Young,Female,Rent,Single,Close,22600,3,,6,1224,0
Middle,Male,Rent,Single,Close,55100,2,,6,457,0
Old,Female,Own,Married,Far,70400,0,High,18,1241,1
Middle,Male,Own,Married,Close,107300,2,Medium,24,131,0
Middle,Female,Rent,Married,Close,66500,1,,24,464,0
Young,Male,Rent,Single,Close,10200,0,,24,808,0
Young,Female,Own,Single,Far,41000,1,Medium,12,49,0
Middle,Female,Rent,Single,Close,26200,1,Low,12,105,0
Middle,Male,Rent,Married,Far,72200,3,Medium,18,1016,1
Middle,Male,Rent,Single,Far,36700,1,Medium,24,286,1
Old,Male,Own,Married,Far,74500,0,,18,684,1
Middle,Female,Own,Single,Close,60200,1,,12,351,1
Old,Male,Rent,Single,Close,34500,0,Medium,24,971,0
Old,Female,Own,Married,Close,83700,0,High,18,1179,1
Young,Male,Rent,Single,Far,14800,1,,12,722,0
Middle,Male,Own,Married,Close,106400,0,,12,815,1
Young,Female,Rent,Married,Close,42000,3,Low,6,1268,0
Middle,Male,Rent,Married,Close,118800,0,High,12,933,1
Young,Female,Own,Single,Far,21900,2,Low,24,313,0
Middle,Male,Rent,Single,Close,39500,1,,6,1186,0
Middle,Male,Rent,Single,Close,45900,0,Medium,12,293,0
Young,Female,Rent,Married,Close,37100,2,Low,24,1087,0
Middle,Female,Rent,Single,Close,28200,1,Low,6,1152,0
Middle,Male,Rent,Married,Close,74600,2,Medium,18,1108,0
Middle,Male,Own,Married,Close,122700,1,,18,699,1
Young,Female,Rent,Single,Close,14200,2,Low,18,833,0
Middle,Male,Own,Married,Far,75500,0,,18,443,1
Middle,Male,Own,Single,Close,62900,0,,24,698,1
Young,Male,Rent,Single,Far,19400,0,Low,6,571,0
Middle,Female,Rent,Single,Close,46600,0,,12,193,0
Middle,Male,Own,Married,Far,79700,1,High,24,834,1
Middle,Male,Own,Single,Close,45900,2,Low,12,36,0
Old,Female,Own,Married,Close,42800,0,Medium,6,383,0
Old,Male,Own,Married,Far,65500,0,High,24,1280,1
Old,Female,Rent,Single,Close,33600,0,Medium,12,663,0
Middle,Female,Own,Single,Far,55600,1,High,18,959,1
Young,Female,Rent,Single,Close,24000,2,,6,760,0
Young,Male,Rent,Single,Far,25700,0,Medium,18,682,0
Old,Female,Own,Married,Close,21500,0,Low,18,955,0
Old,Female,Rent,Married,Close,68600,0,High,18,710,1
Young,Female,Rent,Single,Far,23100,2,Low,12,635,0
Middle,Female,Rent,Married,Close,53300,0,Medium,24,272,1
Old,Female,Own,Married,Close,112800,0,High,12,633,1
Old,Male,Own,Married,Close,124900,0,High,18,107,1
Middle,Female,Own,Single,Close,72200,0,,18,339,1
Middle,Male,Rent,Single,Close,35100,1,Low,6,501,0
Old,Female,Rent,Single,Close,14900,0,,12,787,0
Middle,Male,Rent,Single,Close,72000,0,High,12,96,1
Middle,Male,Own,Married,Close,82400,0,High,18,63,1
Young,Male,Rent,Married,Close,41600,3,,24,1078,1
Middle,Female,Own,Married,Close,68500,2,,12,1269,1
Young,Male,Own,Married,Close,62200,0,High,24,560,1
Old,Female,Own,Single,Close,35900,0,,12,232,0
Young,Male,Rent,Single,Close,14100,0,Low,12,868,0
Young,Female,Rent,Married,Close,36500,1,,18,1275,0
Middle,Female,Own,Married,Close,86400,1,High,12,209,1
Old,Female,Rent,Married,Close,39500,0,Medium,12,945,0
Old,Male,Own,Married,Close,85300,0,,12,540,1
Old,Female,Own,Married,Close,110700,0,High,12,625,1
Young,Male,Rent,Single,Far,17700,0,Low,18,1195,0
Young,Female,Rent,Married,Far,33200,1,,24,1090,1
Middle,Female,Own,Single,Close,53800,0,Medium,12,1035,0
Old,Male,Rent,Single,Close,44400,0,Medium,18,1211,0
Middle,Female,Rent,Married,Close,135700,1,High,24,770,1
Young,Female,Rent,Single,Far,20700,1,Low,12,117,0
Middle,Male,Rent,Married,Far,83500,2,High,24,382,1
Middle,Female,Rent,Married,Close,84200,2,Medium,24,776,0
Middle,Female,Rent,Married,Close,79900,1,Medium,12,997,0
Old,Female,Rent,Single,Far,19700,0,Low,6,343,0
Middle,Female,Rent,Single,Close,35300,0,,18,114,1
Old,Male,Own,Married,Far,52000,0,High,18,1146,1
Young,Male,Rent,Single,Close,21300,1,,12,129,0
Middle,Male,Own,Single,Close,63700,0,,6,785,1
Old,Female,Own,Married,Close,25900,0,Low,18,318,0
Middle,Male,Rent,Married,Close,65800,2,Medium,18,1181,0
Old,Female,Rent,Single,Close,11000,0,,24,73,0
Old,Female,Rent,Married,Close,65900,0,High,12,26,0
Middle,Female,Own,Married,Close,108100,1,High,12,51,0
Middle,Male,Own,Married,Close,107300,2,Medium,18,279,1
Middle,Female,Rent,Married,Close,79500,0,High,12,1243,1
Middle,Female,Rent,Married,Close,95900,0,,24,88,1
Middle,Male,Rent,Single,Close,45200,1,Medium,18,711,0
Middle,Male,Own,Married,Close,98500,0,High,18,319,1
Old,Female,Own,Married,Close,96200,0,High,12,949,1
Young,Male,Rent,Single,Close,17900,0,,18,1108,0
Middle,Male,Own,Married,Close,42700,0,Medium,6,634,0
Middle,Male,Own,Single,Far,49700,0,High,24,764,1
Middle,Female,Rent,Single,Close,43000,3,Low,24,591,0
Young,Female,Rent,Single,Close,15500,1,Low,6,592,0
Young,Male,Rent,Single,Close,13000,3,Low,6,982,0
Middle,Female,Rent,Single,Close,27200,3,Low,24,1200,0
Old,Female,Own,Married,Close,26700,0,Low,24,477,0
Old,Male,Own,Single,Far,61000,0,High,6,1244,0
Middle,Female,Own,Married,Close,76600,3,,24,1144,1
Middle,Male,Own,Married,Close,117500,2,Medium,12,163,0
Old,Male,Own,Married,Close,90600,0,High,24,1281,1
Young,Female,Rent,Single,Far,12600,0,Low,6,105,0
Old,Female,Own,Single,Close,12700,2,Low,6,333,0
Middle,Female,Own,Married,Far,77600,3,Medium,12,947,0
Middle,Female,Rent,Married,Far,92400,1,,6,964,1
Old,Female,Rent,Married,Close,71800,0,High,24,665,1
Middle,Male,Own,Married,Far,95800,3,,12,1294,1
Young,Female,Own,Single,Close,32600,3,Low,12,259,0
Middle,Male,Own,Married,Close,74500,2,Medium,12,583,0
Old,Female,Rent,Single,Close,29200,0,Low,12,1165,0
Young,Female,Rent,Single,Far,12900,1,Low,6,689,0
Middle,Male,Rent,Married,Close,117700,1,High,12,676,1
Middle,Female,Own,Married,Close,64100,1,Medium,18,1017,1
Middle,Female,Rent,Single,Close,46500,1,Medium,24,772,0
Young,Female,Rent,Single,Close,12400,1,,12,962,0
Middle,Male,Own,Married,Far,130600,0,High,18,216,1
Middle,Male,Own,Married,Far,74400,0,High,6,656,1
Old,Female,Own,Single,Far,40600,2,Medium,6,767,0
Young,Female,Rent,Married,Close,54200,1,Medium,6,211,0
Middle,Male,Own,Single,Far,65400,1,High,12,22,1
Middle,Male,Rent,Single,Close,49100,0,,6,33,0
Young,Female,Rent,Single,Close,10600,2,,24,293,0
Young,Female,Rent,Married,Close,76400,0,,12,537,1
Middle,Female,Rent,Married,Close,93700,1,High,24,585,1
Middle,Male,Rent,Single,Far,49000,0,High,18,992,1
Middle,Female,Own,Married,Close,96500,1,High,18,1217,1
Middle,Male,Own,Single,Close,55600,0,,12,22,0
Middle,Male,Own,Married,Close,99600,1,High,6,1168,0
Middle,Female,Own,Married,Close,79900,3,Low,12,1224,0
Old,Female,Rent,Married,Close,50500,0,Medium,12,1277,0
Old,Female,Own,Single,Far,16300,0,Low,6,900,0
Old,Female,Own,Married,Close,49200,0,Medium,12,291,0
Middle,Male,Own,Single,Far,48100,2,Medium,18,689,0
Middle,Male,Own,Single,Far,61300,2,High,24,558,1
Middle,Female,Own,Married,Close,72600,1,,18,530,1
Young,Male,Rent,Single,Far,19500,0,,24,1150,0
Young,Female,Rent,Single,Close,17200,1,,12,490,0
Middle,Male,Rent,Single,Far,51100,0,High,24,980,1
Middle,Male,Own,Single,Close,76800,1,Medium,18,679,0
Middle,Male,Own,Single,Far,60200,0,High,12,601,1
Middle,Male,Rent,Single,Close,59100,2,Low,18,536,0
Old,Female,Own,Single,Close,32500,0,Medium,24,960,0
Middle,Female,Rent,Single,Far,49500,2,Medium,12,1168,0
Middle,Male,Own,Married,Close,109600,1,High,12,894,1
Young,Female,Rent,Married,Close,47300,0,,6,45,0
Middle,Male,Rent,Married,Close,93000,1,High,24,166,1
Young,Female,Own,Single,Far,32000,1,,24,251,1
Young,Female,Own,Single,Close,44700,1,Medium,6,1218,0
Old,Female,Own,Married,Close,69400,0,High,18,1075,1
Middle,Male,Own,Married,Close,64300,2,Medium,6,683,0
Middle,Male,Own,Single,Far,75400,0,High,24,289,1
Middle,Male,Own,Married,Close,96100,0,High,6,744,1
Old,Female,Own,Married,Close,118000,3,Low,12,1197,0
Young,Male,Rent,Married,Close,69700,1,Medium,12,834,1
Old,Male,Own,Single,Close,59300,0,Medium,12,244,0
Middle,Female,Rent,Married,Close,88600,3,Low,6,44,0
Middle,Male,Own,Married,Close,102600,0,High,18,789,1
Middle,Male,Rent,Single,Close,43700,0,,18,1209,1
Old,Female,Own,Married,Close,22400,0,,24,611,0
Middle,Male,Rent,Married,Far,70500,1,,24,588,1
Middle,Male,Own,Married,Close,54200,1,Medium,6,902,0
Middle,Female,Own,Single,Far,25300,1,,6,329,0
Old,Male,Own,Married,Close,116100,1,High,24,610,1
Young,Female,Rent,Single,Close,15900,0,,18,230,0
Middle,Female,Own,Single,Close,46600,3,Low,6,397,0
Young,Male,Own,Single,Close,23200,0,,24,299,0
Young,Male,Rent,Single,Close,18200,0,Low,12,708,0
Middle,Female,Own,Married,Close,82700,1,High,18,822,1
Young,Female,Rent,Single,Close,17000,0,Low,18,128,0
Middle,Male,Own,Married,Close,83000,2,Medium,6,1278,0
Young,Female,Own,Married,Close,42400,1,,18,545,0
Old,Male,Own,Single,Close,40200,2,,18,797,0
Young,Female,Rent,Single,Far,17300,0,Low,6,466,0
Middle,Female,Own,Married,Close,109800,1,High,24,789,1
Middle,Female,Own,Single,Far,64400,3,Medium,24,801,1
Young,Female,Rent,Single,Far,27600,1,Medium,24,542,0
Young,Female,Rent,Single,Close,25100,1,,6,1197,0
Middle,Female,Own,Single,Close,46300,3,,6,739,0
Old,Female,Own,Married,Far,74900,0,,12,971,1
Middle,Male,Own,Single,Close,67900,0,High,18,305,1
Middle,Male,Rent,Married,Close,88500,2,Medium,24,1194,0
Middle,Male,Own,Married,Close,99200,3,,12,949,1
Old,Female,Own,Married,Close,62800,0,High,18,506,1
Old,Male,Own,Married,Far,76900,2,High,24,207,1
Middle,Male,Own,Married,Close,84100,3,,6,541,1
Old,Female,Own,Married,Close,77600,0,High,18,662,1
Young,Female,Rent,Single,Close,19100,1,Low,18,1166,0
Old,Female,Own,Married,Far,128700,0,High,24,1164,1
Young,Female,Rent,Single,Far,14400,1,Low,6,695,0
Old,Male,Rent,Married,Close,49600,0,Medium,6,153,0
Middle,Female,Rent,Single,Close,47000,0,,6,796,0
Young,Female,Rent,Married,Close,36600,0,Medium,6,695,0
Middle,Female,Own,Single,Close,65800,1,Medium,12,819,0
Middle,Male,Rent,Married,Far,52800,2,Medium,12,740,0
Middle,Male,Own,Married,Close,96500,0,High,24,494,1
Middle,Female,Rent,Married,Close,63500,1,Medium,18,434,0
Middle,Male,Rent,Single,Close,60400,1,Medium,6,832,0
Middle,Male,Own,Married,Close,102700,3,,12,575,1
Middle,Male,Own,Married,Close,100100,2,,6,108,1
Middle,Male,Rent,Single,Close,54400,0,Medium,6,942,0
Middle,Male,Rent,Married,Close,105600,3,Low,6,337,0
Old,Female,Own,Married,Far,57900,0,High,12,1291,1
Young,Male,Own,Single,Close,31500,3,Low,18,126,0
Middle,Female,Rent,Married,Far,60100,1,High,18,142,1
Middle,Male,Rent,Married,Close,87400,2,,18,1094,1
Middle,Male,Own,Married,Close,117900,0,High,6,264,1
Middle,Male,Own,Single,Close,48800,1,Medium,24,421,1
Middle,Female,Own,Married,Close,67900,3,Low,12,119,0
Old,Male,Rent,Married,Far,66200,0,,6,598,0
Middle,Male,Rent,Married,Close,88000,2,Medium,6,44,0
Middle,Male,Rent,Married,Close,94200,1,High,18,486,0
Young,Female,Rent,Single,Close,29200,3,,6,148,0
Young,Male,Rent,Single,Far,15300,0,Low,24,1247,0
Young,Male,Rent,Single,Far,17500,0,Low,18,1170,0
Old,Male,Own,Married,Close,168800,0,High,6,1286,1
Middle,Male,Rent,Single,Far,40200,0,High,18,168,1
Young,Male,Rent,Single,Close,28400,3,Low,18,70,0
Middle,Male,Rent,Married,Far,72200,3,Medium,18,49,0
Middle,Female,Own,Single,Far,55200,0,High,18,1052,1
Middle,Female,Rent,Single,Close,44600,0,Medium,18,1059,0
Middle,Male,Own,Single,Close,58400,0,Medium,12,1063,0
Middle,Female,Own,Single,Close,67800,1,Medium,6,775,0
Old,Female,Own,Single,Close,25500,0,Low,18,610,0
Young,Female,Rent,Single,Far,20000,3,Low,6,516,0
Middle,Male,Rent,Single,Far,52600,1,,18,298,1
Middle,Male,Rent,Married,Far,97600,1,,12,984,1
Old,Male,Own,Married,Close,23400,0,Low,6,591,0
Middle,Female,Own,Married,Close,102500,3,Low,12,871,0
Middle,Female,Own,Married,Far,52300,1,High,18,711,1
Middle,Male,Rent,Single,Far,65400,0,High,12,1211,1
Young,Male,Rent,Single,Close,19600,0,Low,12,319,0
Old,Male,Own,Married,Far,37000,0,Medium,12,67,0
Young,Female,Rent,Single,Far,13200,0,,18,1251,0
Middle,Male,Rent,Single,Close,63800,1,Medium,24,513,1
Old,Female,Rent,Single,Far,22600,0,,12,1052,0
Old,Female,Own,Single,Close,37300,0,Medium,6,63,0
Young,Male,Rent,Single,Far,14900,1,,12,1108,0
Middle,Female,Own,Single,Close,36700,1,,6,349,0
Middle,Male,Own,Single,Close,63200,0,High,24,623,1
Old,Male,Own,Married,Close,77300,0,High,18,860,1
Middle,Male,Rent,Single,Close,43100,1,,12,957,1
Middle,Female,Rent,Single,Far,44800,1,Medium,6,340,0
Old,Female,Rent,Married,Close,70900,0,High,24,423,1
Middle,Female,Rent,Single,Far,38200,0,Medium,24,126,1
Young,Female,Rent,Single,Far,18400,1,Low,6,110,0
Middle,Female,Rent,Single,Close,40700,3,Low,18,840,0
Old,Male,Own,Single,Close,71300,0,High,18,1024,1
Middle,Female,Rent,Single,Close,36400,2,Low,18,1152,0
Young,Male,Rent,Single,Close,15400,0,Low,6,114,0
Middle,Male,Own,Single,Far,39100,1,Medium,12,614,0
Middle,Male,Rent,Single,Close,43800,0,Medium,12,331,0
Young,Male,Rent,Single,Far,25300,0,Medium,12,228,0
Old,Male,Rent,Married,Close,71800,0,High,12,1173,1
Middle,Male,Own,Single,Close,73200,0,High,24,927,1
Middle,Male,Own,Married,Far,79000,1,High,18,707,1
Middle,Female,Rent,Married,Close,75200,1,,24,218,1
Young,Female,Rent,Single,Close,25300,3,,6,942,0
Old,Female,Own,Married,Close,43600,0,Medium,12,716,0
Middle,Male,Own,Married,Close,83600,2,Medium,6,361,0
Middle,Female,Own,Single,Far,56200,0,High,18,575,1
Young,Male,Rent,Married,Close,45500,0,Medium,6,1255,0
Middle,Male,Own,Married,Close,99300,1,High,12,1277,1
Middle,Male,Own,Married,Far,108000,3,High,24,603,1
Middle,Female,Own,Married,Far,84900,1,High,24,58,1
Middle,Male,Own,Married,Far,93000,3,High,6,523,0
Middle,Female,Own,Married,Close,82000,0,High,18,789,1
Old,Female,Own,Single,Close,33000,3,,6,134,0
Middle,Female,Own,Single,Close,36900,2,Low,24,683,0
Middle,Female,Rent,Single,Close,33200,1,,6,1077,0
Young,Male,Rent,Married,Close,49300,0,,24,588,1
Old,Male,Rent,Married,Far,66200,0,High,24,799,1
Middle,Male,Own,Married,Far,96800,2,High,18,246,1
Old,Male,Own,Single,Close,63200,0,High,24,331,1
Old,Male,Own,Married,Far,112900,0,High,24,975,1
Middle,Female,Rent,Single,Close,32100,2,Low,24,1052,0
Middle,Male,Own,Married,Far,102700,1,High,18,1269,1
Middle,Male,Own,Married,Close,123800,2,,18,898,1
Old,Female,Rent,Single,Far,11700,0,Low,18,962,0
Middle,Male,Own,Married,Close,101700,1,,6,1283,0
Middle,Female,Own,Married,Far,99200,0,High,24,924,1
Young,Male,Rent,Single,Close,17600,0,,6,817,0
Young,Female,Rent,Single,Close,19400,1,,18,190,0
Middle,Male,Rent,Single,Far,40500,1,,18,510,0
Old,Male,Own,Single,Close,44800,0,Medium,24,725,1
Middle,Male,Own,Married,Close,79000,2,Medium,18,1034,0
Young,Male,Rent,Married,Close,53600,1,Medium,24,1203,0
